{
    "section1": {
        "files": [
            {
                "url": [
                    "assets/sounds/button-sound.mp3"
                ],
                "type": "audio",
                "key": "button-sound"
            },
            {
                "url": "src/prefabs/Card.js",
                "type": "script",
                "key": "Card"
            },
            {
                "url": "assets/images/card-1.png",
                "type": "image",
                "key": "card-1"
            },
            {
                "url": "assets/images/card-10.png",
                "type": "image",
                "key": "card-10"
            },
            {
                "url": "assets/images/card-11.png",
                "type": "image",
                "key": "card-11"
            },
            {
                "url": "assets/images/card-12.png",
                "type": "image",
                "key": "card-12"
            },
            {
                "url": "assets/images/card-13.png",
                "type": "image",
                "key": "card-13"
            },
            {
                "url": "assets/images/card-14.png",
                "type": "image",
                "key": "card-14"
            },
            {
                "url": "assets/images/card-15.png",
                "type": "image",
                "key": "card-15"
            },
            {
                "url": "assets/images/card-16.png",
                "type": "image",
                "key": "card-16"
            },
            {
                "url": "assets/images/card-17.png",
                "type": "image",
                "key": "card-17"
            },
            {
                "url": "assets/images/card-18.png",
                "type": "image",
                "key": "card-18"
            },
            {
                "url": "assets/images/card-19.png",
                "type": "image",
                "key": "card-19"
            },
            {
                "url": "assets/images/card-2.png",
                "type": "image",
                "key": "card-2"
            },
            {
                "url": "assets/images/card-20.png",
                "type": "image",
                "key": "card-20"
            },
            {
                "url": "assets/images/card-21.png",
                "type": "image",
                "key": "card-21"
            },
            {
                "url": "assets/images/card-22.png",
                "type": "image",
                "key": "card-22"
            },
            {
                "url": "assets/images/card-23.png",
                "type": "image",
                "key": "card-23"
            },
            {
                "url": "assets/images/card-24.png",
                "type": "image",
                "key": "card-24"
            },
            {
                "url": "assets/images/card-25.png",
                "type": "image",
                "key": "card-25"
            },
            {
                "url": "assets/images/card-26.png",
                "type": "image",
                "key": "card-26"
            },
            {
                "url": "assets/images/card-27.png",
                "type": "image",
                "key": "card-27"
            },
            {
                "url": "assets/images/card-28.png",
                "type": "image",
                "key": "card-28"
            },
            {
                "url": "assets/images/card-29.png",
                "type": "image",
                "key": "card-29"
            },
            {
                "url": "assets/images/card-3.png",
                "type": "image",
                "key": "card-3"
            },
            {
                "url": "assets/images/card-30.png",
                "type": "image",
                "key": "card-30"
            },
            {
                "url": "assets/images/card-31.png",
                "type": "image",
                "key": "card-31"
            },
            {
                "url": "assets/images/card-32.png",
                "type": "image",
                "key": "card-32"
            },
            {
                "url": "assets/images/card-33.png",
                "type": "image",
                "key": "card-33"
            },
            {
                "url": "assets/images/card-34.png",
                "type": "image",
                "key": "card-34"
            },
            {
                "url": "assets/images/card-35.png",
                "type": "image",
                "key": "card-35"
            },
            {
                "url": "assets/images/card-36.png",
                "type": "image",
                "key": "card-36"
            },
            {
                "url": "assets/images/card-37.png",
                "type": "image",
                "key": "card-37"
            },
            {
                "url": "assets/images/card-4.png",
                "type": "image",
                "key": "card-4"
            },
            {
                "url": "assets/images/card-5.png",
                "type": "image",
                "key": "card-5"
            },
            {
                "url": "assets/images/card-6.png",
                "type": "image",
                "key": "card-6"
            },
            {
                "url": "assets/images/card-7.png",
                "type": "image",
                "key": "card-7"
            },
            {
                "url": "assets/images/card-8.png",
                "type": "image",
                "key": "card-8"
            },
            {
                "url": "assets/images/card-9.png",
                "type": "image",
                "key": "card-9"
            },
            {
                "url": "assets/images/card-timer-base.png",
                "type": "image",
                "key": "card-timer-base"
            },
            {
                "url": [
                    "assets/sounds/correct-sound.mp3"
                ],
                "type": "audio",
                "key": "correct-sound"
            },
            {
                "url": [
                    "assets/sounds/flip-sound.mp3"
                ],
                "type": "audio",
                "key": "flip-sound"
            },
            {
                "url": "src/scripts/GameManager.js",
                "type": "script",
                "key": "GameManager"
            },
            {
                "url": "assets/images/green-border.png",
                "type": "image",
                "key": "green-border"
            },
            {
                "url": "src/scenes/Home.js",
                "type": "sceneFile",
                "key": "Home"
            },
            {
                "url": [
                    "assets/sounds/incorrect-sound.mp3"
                ],
                "type": "audio",
                "key": "incorrect-sound"
            },
            {
                "url": "src/scripts/InputManager.js",
                "type": "script",
                "key": "InputManager"
            },
            {
                "url": [
                    "assets/sounds/lose-sound.mp3"
                ],
                "type": "audio",
                "key": "lose-sound"
            },
            {
                "url": "assets/images/play-button.png",
                "type": "image",
                "key": "play-button"
            },
            {
                "url": "assets/images/red-border.png",
                "type": "image",
                "key": "red-border"
            },
            {
                "url": "assets/images/registration-button.png",
                "type": "image",
                "key": "registration-button"
            },
            {
                "url": "assets/images/registrationButton-base.png",
                "type": "image",
                "key": "registrationButton-base"
            },
            {
                "url": "src/prefabs/SelectionCardTimer.js",
                "type": "script",
                "key": "SelectionCardTimer"
            },
            {
                "url": "src/scripts/SocketManager.js",
                "type": "script",
                "key": "SocketManager"
            },
            {
                "url": "src/scripts/SoundManager.js",
                "type": "script",
                "key": "SoundManager"
            },
            {
                "url": "assets/images/time-icon.png",
                "type": "image",
                "key": "time-icon"
            },
            {
                "url": "assets/images/timer-base.png",
                "type": "image",
                "key": "timer-base"
            },
            {
                "url": [
                    "assets/sounds/timer-sound.mp3"
                ],
                "type": "audio",
                "key": "timer-sound"
            },
            {
                "url": "src/scripts/TweenManager.js",
                "type": "script",
                "key": "TweenManager"
            },
            {
                "url": [
                    "assets/sounds/win-sound.mp3"
                ],
                "type": "audio",
                "key": "win-sound"
            },
            {
                "url": "assets/images/you_lose.png",
                "type": "image",
                "key": "you_lose"
            },
            {
                "url": "assets/images/you_win.png",
                "type": "image",
                "key": "you_win"
            }
        ]
    },
    "meta": {
        "app": "Phaser Editor 2D - Asset Pack Editor",
        "contentType": "phasereditor2d.pack.core.AssetContentType",
        "url": "https://phasereditor2d.com",
        "version": 2,
        "showAllFilesInBlocks": false
    }
}