{
    "section1": {
        "files": [
            {
                "url": "assets/images/background.png",
                "type": "image",
                "key": "background"
            },
            {
                "url": "assets/images/backSide.png",
                "type": "image",
                "key": "backSide"
            },
            {
                "url": "assets/images/logo.png",
                "type": "image",
                "key": "logo"
            }
        ]
    },
    "meta": {
        "app": "Phaser Editor 2D - Asset Pack Editor",
        "contentType": "phasereditor2d.pack.core.AssetContentType",
        "url": "https://phasereditor2d.com",
        "version": 2,
        "showAllFilesInBlocks": false
    }
}